repo,first_seen,last_updated,total_uniques,total_clones,total_forks
sigco3111/2048,2026-06-23,2026-07-03,0,0,0
sigco3111/3d-block-world-edit,2026-06-23,2026-07-03,0,0,0
sigco3111/3d-fractal,2026-06-23,2026-07-03,0,0,1
sigco3111/3d-matrix-rain,2026-07-03,2026-07-03,0,0,0
sigco3111/3d-physics-lab,2026-06-23,2026-07-03,0,0,1
sigco3111/ChampionMaker,2026-06-23,2026-07-03,0,0,1
sigco3111/ConvertFormat,2026-06-23,2026-07-03,0,0,1
sigco3111/DevCanvas,2026-06-23,2026-07-03,0,0,1
sigco3111/FireworksMaster,2026-06-23,2026-07-03,0,0,0
sigco3111/FootballClub,2026-06-23,2026-07-03,0,0,1
sigco3111/Idle_RPG,2026-06-23,2026-07-03,0,0,1
sigco3111/KakaoSplit,2026-06-23,2026-07-03,0,0,0
sigco3111/Kingdoms3Lite,2026-06-23,2026-07-03,0,0,1
sigco3111/Repolis,2026-06-23,2026-07-03,0,0,1
sigco3111/Tetris-am3d,2026-06-23,2026-07-03,0,0,1
sigco3111/World_War_Simulator,2026-06-23,2026-07-03,0,0,1
sigco3111/age-of-exploration-lite,2026-06-23,2026-07-03,0,0,1
sigco3111/ai-agent-radar,2026-06-23,2026-07-03,0,0,1
sigco3111/ai-buy-sell,2026-06-23,2026-07-03,0,0,1
sigco3111/ai-flowchart,2026-06-23,2026-07-03,0,0,1
sigco3111/ai-gm,2026-06-23,2026-07-03,0,0,1
sigco3111/ai-gm-fantasy-rpg,2026-06-23,2026-07-03,0,0,1
sigco3111/ai-gm-mystery-detective,2026-06-23,2026-07-03,0,0,1
sigco3111/ai-gm-sci-fi-explore,2026-06-23,2026-07-03,0,0,1
sigco3111/ai-gm-strategy-war,2026-06-23,2026-07-03,0,0,1
sigco3111/ai-image-generator,2026-06-23,2026-07-03,0,0,0
sigco3111/air-management,2026-06-23,2026-07-03,0,0,2
sigco3111/algo-visualizer,2026-06-23,2026-07-03,0,0,1
sigco3111/api-playground,2026-06-23,2026-07-03,0,0,1
sigco3111/appscript_board,2026-06-23,2026-07-03,0,0,1
sigco3111/astrocartography,2026-06-23,2026-07-03,0,0,1
sigco3111/aurora-fluid,2026-07-03,2026-07-03,0,0,0
sigco3111/block-simCity,2026-06-23,2026-07-03,0,0,1
sigco3111/blog,2026-06-23,2026-07-03,0,0,1
sigco3111/blog-images,2026-06-23,2026-07-03,0,0,0
sigco3111/boids-flocking,2026-07-03,2026-07-03,0,0,0
sigco3111/cable-globe,2026-06-23,2026-07-03,0,0,1
sigco3111/candy-crush-saga,2026-06-23,2026-07-03,0,0,0
sigco3111/capitalism-web,2026-06-23,2026-07-03,0,0,1
sigco3111/castle-breaker,2026-06-23,2026-07-03,0,0,1
sigco3111/ccusage-json,2026-06-23,2026-07-03,0,0,0
sigco3111/cellverse,2026-06-23,2026-07-03,0,0,1
sigco3111/cli-board,2026-06-23,2026-07-03,0,0,1
sigco3111/cloth-simulation,2026-07-03,2026-07-03,0,0,0
sigco3111/co2-board,2026-06-23,2026-07-03,0,0,1
sigco3111/code-map,2026-06-23,2026-07-03,0,0,1
sigco3111/codeviz-ai,2026-06-23,2026-07-03,0,0,1
sigco3111/commodity-dashboard,2026-06-23,2026-07-03,0,0,1
sigco3111/convenience24,2026-06-23,2026-07-03,0,0,1
sigco3111/core-breaker,2026-06-23,2026-07-03,0,0,1
sigco3111/core-image-converter,2026-06-23,2026-07-03,0,0,0
sigco3111/core-markdown-editor,2026-06-23,2026-07-03,0,0,1
sigco3111/core-video-editor,2026-06-23,2026-07-03,0,0,1
sigco3111/cron-doctor,2026-06-23,2026-07-03,0,0,1
sigco3111/cyberpunk-globe,2026-07-03,2026-07-03,0,0,1
sigco3111/decision-genie,2026-06-23,2026-07-03,0,0,0
sigco3111/deckbuilder-adventure,2026-06-23,2026-07-03,0,0,0
sigco3111/democracy4-lite,2026-06-23,2026-07-03,0,0,1
sigco3111/department-tycoon,2026-06-23,2026-07-03,0,0,1
sigco3111/dev-trend-oracle,2026-06-23,2026-07-03,0,0,1
sigco3111/diablock,2026-06-23,2026-07-03,0,0,1
sigco3111/dongne-today,2026-06-23,2026-07-03,0,0,0
sigco3111/double-pendulum-chaos,2026-07-03,2026-07-03,0,0,0
sigco3111/dungeon-story,2026-06-23,2026-07-03,0,0,1
sigco3111/earthquake,2026-06-23,2026-07-03,0,0,1
sigco3111/enterprise_ceo,2026-06-23,2026-07-03,0,0,1
sigco3111/fire-tribe-base,2026-06-23,2026-07-03,0,0,1
sigco3111/fractal-tree,2026-07-03,2026-07-03,0,0,0
sigco3111/gamedev-lite,2026-06-23,2026-07-03,0,0,1
sigco3111/gazette-trend-analyzer,2026-06-23,2026-07-03,0,0,1
sigco3111/geoPoly,2026-06-23,2026-07-03,0,0,1
sigco3111/gh-traffic-monitor,2026-06-23,2026-07-03,0,0,1
sigco3111/git-constellation,2026-06-23,2026-07-03,0,0,1
sigco3111/github-board,2026-06-23,2026-07-03,0,0,1
sigco3111/github-board2,2026-06-23,2026-07-03,0,0,0
sigco3111/google-script-wizard,2026-06-23,2026-07-03,0,0,1
sigco3111/gostop,2026-06-23,2026-07-03,0,0,1
sigco3111/grand-prix,2026-06-23,2026-07-03,0,0,1
sigco3111/gravity-typography,2026-07-03,2026-07-03,0,0,0
sigco3111/gray-scott-reaction-diffusion,2026-07-03,2026-07-03,0,0,0
sigco3111/hermes-landing,2026-06-23,2026-07-03,0,0,0
sigco3111/hexagon-conqueror,2026-06-23,2026-07-03,0,0,1
sigco3111/hitel-board,2026-06-23,2026-07-03,0,0,1
sigco3111/htop-tycoon,2026-07-03,2026-07-03,0,0,1
sigco3111/hwp2md,2026-06-23,2026-07-03,0,0,0
sigco3111/icbm2-intelligence-hub,2026-06-23,2026-07-03,0,0,1
sigco3111/icbm2-knowledge-graph,2026-06-23,2026-07-03,0,0,1
sigco3111/icbm2-skills-marketplace,2026-06-23,2026-07-03,0,0,1
sigco3111/idea-bank,2026-06-23,2026-07-03,0,0,1
sigco3111/insight-pick,2026-06-23,2026-07-03,0,0,1
sigco3111/interactive-voronoi,2026-07-03,2026-07-03,0,0,0
sigco3111/ios_hyperclovax,2026-06-23,2026-07-03,0,0,0
sigco3111/ip-board,2026-06-23,2026-07-03,0,0,1
sigco3111/iron-dome,2026-06-23,2026-07-03,0,0,1
sigco3111/jelly-slime,2026-07-03,2026-07-03,0,0,0
sigco3111/json-flow,2026-06-23,2026-07-03,0,0,1
sigco3111/juice-tycoon,2026-06-23,2026-07-03,0,0,1
sigco3111/kbo-manager,2026-06-23,2026-07-03,0,0,1
sigco3111/ke-globe,2026-06-23,2026-07-03,0,0,0
sigco3111/keyword_fighter,2026-06-23,2026-07-03,0,0,1
sigco3111/kingdoms3-tradewar,2026-06-23,2026-07-03,0,0,1
sigco3111/ladder-game,2026-06-23,2026-07-03,0,0,1
sigco3111/lifeGame,2026-06-23,2026-07-03,0,0,1
sigco3111/lightning-strike,2026-06-23,2026-07-03,0,0,1
sigco3111/liquid-sort,2026-06-23,2026-07-03,0,0,1
sigco3111/lorenz-attractor,2026-07-03,2026-07-03,0,0,0
sigco3111/mac-board,2026-06-23,2026-07-03,0,0,0
sigco3111/make-app-wiz,2026-06-23,2026-07-03,0,0,1
sigco3111/mandelbrot-kaleidoscope,2026-07-03,2026-07-03,0,0,0
sigco3111/md-doctor,2026-06-23,2026-07-03,0,0,0
sigco3111/mount-and-blade,2026-06-23,2026-07-03,0,0,1
sigco3111/nbody-simulation,2026-07-03,2026-07-03,0,0,0
sigco3111/neon-fluid,2026-07-03,2026-07-03,0,0,1
sigco3111/nim-model-dashboard,2026-06-23,2026-07-03,0,0,1
sigco3111/number-connect,2026-06-23,2026-07-03,0,0,1
sigco3111/number-link-merge,2026-06-23,2026-07-03,0,0,1
sigco3111/one-card-game,2026-06-23,2026-07-03,0,0,0
sigco3111/opencode-harness-bridge,2026-06-23,2026-07-03,0,0,1
sigco3111/opencode-time-travel,2026-06-23,2026-07-03,0,0,1
sigco3111/opencode-trading,2026-06-23,2026-07-03,0,0,1
sigco3111/opencode-usage-cli,2026-06-23,2026-07-03,0,0,0
sigco3111/pages,2026-06-23,2026-07-03,0,0,0
sigco3111/particle-fireworks,2026-07-03,2026-07-03,0,0,0
sigco3111/perpetual-engine-zai,2026-06-23,2026-07-03,0,0,1
sigco3111/photosynthesis-simulator,2026-06-23,2026-07-03,0,0,0
sigco3111/pixedit,2026-06-23,2026-07-03,0,0,1
sigco3111/pixel-farm-story,2026-06-23,2026-07-03,0,0,1
sigco3111/poker-king,2026-06-23,2026-07-03,0,0,0
sigco3111/predator,2026-06-23,2026-07-03,0,0,1
sigco3111/procedural-city,2026-07-03,2026-07-03,0,0,0
sigco3111/prompt-advisor,2026-06-23,2026-07-03,0,0,1
sigco3111/ray-cast-shadows,2026-07-03,2026-07-03,0,0,0
sigco3111/raycasting-doom,2026-07-03,2026-07-03,0,0,0
sigco3111/real-estate-king,2026-06-23,2026-07-03,0,0,1
sigco3111/relationship-visualizer,2026-06-23,2026-07-03,0,0,1
sigco3111/repo-dna-analyzer,2026-06-23,2026-07-03,0,0,0
sigco3111/retro-synthwave-shooter,2026-07-03,2026-07-03,0,0,0
sigco3111/royal_secretary,2026-06-23,2026-07-03,0,0,1
sigco3111/rpg-adv-at,2026-06-23,2026-07-03,0,0,1
sigco3111/rpg-adv-bt,2026-06-23,2026-07-03,0,0,1
sigco3111/rpg-script-editor,2026-06-23,2026-07-03,0,0,1
sigco3111/rzweb,2026-06-23,2026-07-03,0,0,1
sigco3111/sand-blast,2026-06-23,2026-07-03,0,0,1
sigco3111/sand-sandbox,2026-06-23,2026-07-03,0,0,1
sigco3111/satellite-board,2026-06-23,2026-07-03,0,0,1
sigco3111/sci-fi-hud,2026-07-03,2026-07-03,0,0,0
sigco3111/selfgrow,2026-06-23,2026-07-03,0,0,1
sigco3111/sigco3111,2026-06-23,2026-07-03,0,0,0
sigco3111/skill-worldmap,2026-06-23,2026-07-03,0,0,1
sigco3111/space-board,2026-06-23,2026-07-03,0,0,0
sigco3111/steam-board,2026-06-23,2026-07-03,0,0,0
sigco3111/stock-game,2026-06-23,2026-07-03,0,0,1
sigco3111/stock-invest-game,2026-06-23,2026-07-03,0,0,1
sigco3111/stonks-9800,2026-06-23,2026-07-03,0,0,1
sigco3111/super-robot-lite,2026-06-23,2026-07-03,0,0,1
sigco3111/svg-converter,2026-06-23,2026-07-03,0,0,1
sigco3111/synthwave-terrain,2026-07-03,2026-07-03,0,0,0
sigco3111/sys8-board,2026-06-23,2026-07-03,0,0,0
sigco3111/tech-stack,2026-06-23,2026-07-03,0,0,1
sigco3111/tech-toolkit-hub,2026-06-23,2026-07-03,0,0,1
sigco3111/terrain,2026-06-23,2026-07-03,0,0,1
sigco3111/terrarium,2026-06-23,2026-07-03,0,0,2
sigco3111/text-sync-check,2026-06-23,2026-07-03,0,0,1
sigco3111/texture-forge,2026-06-23,2026-07-03,0,0,0
sigco3111/token-meter,2026-06-23,2026-07-03,0,0,1
sigco3111/ubobtest,2026-06-23,2026-07-03,0,0,0
sigco3111/ubuntu-board,2026-06-23,2026-07-03,0,0,0
sigco3111/voxel-sandbox,2026-07-03,2026-07-03,0,0,0
sigco3111/watermelon,2026-06-23,2026-07-03,0,0,1
sigco3111/wifeye,2026-06-23,2026-07-03,0,0,1
sigco3111/win11-board,2026-06-23,2026-07-03,0,0,0
sigco3111/winxp-board,2026-06-23,2026-07-03,0,0,0
sigco3111/wobbly-tower,2026-06-23,2026-07-03,0,0,0
sigco3111/wordle,2026-06-23,2026-07-03,0,0,0
sigco3111/world-bank-board,2026-06-23,2026-07-03,0,0,1
sigco3111/world-box,2026-06-23,2026-07-03,0,0,2
sigco3111/world-data-map,2026-06-23,2026-07-03,0,0,1
sigco3111/xcom-lite,2026-06-23,2026-07-03,0,0,2
sigco3111/xmrig-dashboard,2026-07-03,2026-07-03,0,0,0
sigco3111/youtube-board,2026-06-23,2026-07-03,0,0,1
sigco3111/yt-download,2026-06-23,2026-07-03,0,0,1
